标题,房型,房租,房租单位,地址
单间 | 新房出租 小区快速直达地铁 精装修家具家电齐全 看房,主卧(1室)                    20O,1800,元/月
"整租 | 象源丽都,新鲜挂牌,附近有地铁,温馨之家",1室1厅1卫                    59O,4300,元/月
"整租 | 地铁4号线,朝南带飘窗,房型正气,温馨公主房,拎包入",1室1厅1卫                    45O,3800,元/月
整租 | 梅六小区 精装两房 近13号真北站 红星美凯龙 押一,2室1厅1卫                    73O,4000,元/月
整租 | 紧邻地铁，适合欧尚超市，长海医院，五角场合生汇，黄兴,2室1厅1卫                    58O,4200,元/月
整租 | 全明户型 自住精装房 押一付一 小区环境好 配套齐全,1室1厅1卫                    31O,2200,元/月
整租 | 地铁6号线 金桥 全新精装一室 独厨独卫 随时看房,1室0厅1卫                    15O,1400,元/月
整租 | 7芳华路 巴黎春天 独立一室户 精装修 独卫浴,1室1厅1卫                    18O,2000,元/月
整租 | 新浦江城豪华单间，适合白领居住，随时看房。拎包入住,1室1厅1卫                    50O,3500,元/月
"整租 | 香楠小区,全新装修,家电齐全,采光好,设施齐全,整租",1室1厅1卫                    35O,2500,元/月
整租 | 万寿新村2房  采光好,2室1厅1卫                    58O,1900,元/月
整租 | 7号线锦绣路地铁站 大华锦绣华城十二街区 3室2卫2,3室2厅2卫                    149O,6570,元/月
整租 | 懂你的房源 都在这里 地铁11号线秀沿路站 看房方便,3室1厅1卫                    89O,4600,元/月
"整租 | 家乐福超市150米，电影院，ktv ,餐厅一应俱全。",3室2厅2卫                    103O,5300,元/月
整租 | 精品公寓 精装整租 配置齐全 2号线 拎包入住 付1,1室1厅1卫                    30O,2580,元/月
整租 | 九城湖滨，精装小两房，配套齐全，拎包入住！,2室2厅1卫                    70O,4000,元/月
整租 | 整租精装一房 6号线地铁旁 直租 有独立卫浴 可短租,1室1厅1卫                    35O,1850,元/月
"整租 | 新天地,翠湖天地苑,翠湖大平层,起租业主配全套达芬奇",4室2厅1卫                    366O,37000,元/月
单间 | 靠近地铁九号线~交通便利~家具齐全~拎包入住,次卧(4室)                    30O,1600,元/月
整租 | 新出地铁房，楼下直通超市、地铁、公交总站，价格真实可,1室1厅1卫                    41O,2400,元/月
整租 | 您刚好需要，我刚好专业，为您找一个温馨的家，看房提前,1室1厅1卫                    54O,4500,元/月
整租 | 卢湾、打浦桥、上门实拍、近4/9/13号线、老房东全,1室0厅1卫                    28O,2600,元/月
"单间 | 汤巷馨村1900全新一室户,可支付,房东直租",主卧(2室)                    23O,1900,元/月
整租 | 幸福小镇 3房1厅 精装全配 出租 随时入住,3室1厅1卫                    110O,6500,元/月
单间 | 浦江东旭公寓 家私家电齐 干净舒适漂亮 屋子通风采光,主卧(1室)                    20O,1400,元/月
整租 | 明天华城 精装修南北通透 朝向 图片真实 拎包即住,2室2厅1卫                    95O,3800,元/月
整租 | 全新家具家电，舒适的居住环境，成熟的生活商圈，万达广,1室1厅1卫                    42O,2000,元/月
单间 | 老外街 新出合租房 临地铁 菜场 好房子 就等你了,主卧(3室)                    15O,1800,元/月
整租 | 开鲁四村 精装修 带固定车位 正规一室一厅 小区,1室1厅1卫                    43O,4000,元/月
整租 | 世博家园十一街坊+2室2厅1卫+完善配套+便利交通,2室2厅1卫                    80O,4500,元/月
整租 | 松江万达写字楼 一房带独立办公室 租客转租 只有一套,1室1厅1卫                    78O,3800,元/月
整租 | 零，交通便利，拎包入住，房东直租，7号杨锦绣路,1室0厅1卫                    25O,2000,元/月
整租 | 湖畔尚品.精装修.开元地中海东鼎购物中心.近9号线新,1室0厅1卫                    45O,2000,元/月
整租 | 双气房 朝南户型 采光非常好 精装修 家具家电齐全,3室2厅2卫                    116O,7000,元/月
单间 | 拎包入住，陈春路88弄小区，设施齐全，近地铁芳华路站,次卧(1室)                    16O,1200,元/月
整租 | 离地铁1500米 性价比高 适合入住舒适两房 干净整,2室2厅1卫                    74O,2800,元/月
整租 | 三湘四季花城+近地铁九号线+交通便利+设施齐全+繁华,1室1厅1卫                    64O,3700,元/月
单间 | 全配朝南1700元/月 即住 免费搬家,主卧(1室)                    68O,1700,元/月
标题,房型,房租,房租单位,地址
单间 | 新房出租 小区快速直达地铁 精装修家具家电齐全 看房,主卧(1室)                    20O,1800,元/月
"整租 | 象源丽都,新鲜挂牌,附近有地铁,温馨之家",1室1厅1卫                    59O,4300,元/月
"整租 | 地铁4号线,朝南带飘窗,房型正气,温馨公主房,拎包入",1室1厅1卫                    45O,3800,元/月
整租 | 梅六小区 精装两房 近13号真北站 红星美凯龙 押一,2室1厅1卫                    73O,4000,元/月
整租 | 紧邻地铁，适合欧尚超市，长海医院，五角场合生汇，黄兴,2室1厅1卫                    58O,4200,元/月
整租 | 全明户型 自住精装房 押一付一 小区环境好 配套齐全,1室1厅1卫                    31O,2200,元/月
整租 | 地铁6号线 金桥 全新精装一室 独厨独卫 随时看房,1室0厅1卫                    15O,1400,元/月
整租 | 7芳华路 巴黎春天 独立一室户 精装修 独卫浴,1室1厅1卫                    18O,2000,元/月
整租 | 新浦江城豪华单间，适合白领居住，随时看房。拎包入住,1室1厅1卫                    50O,3500,元/月
"整租 | 香楠小区,全新装修,家电齐全,采光好,设施齐全,整租",1室1厅1卫                    35O,2500,元/月
整租 | 万寿新村2房  采光好,2室1厅1卫                    58O,1900,元/月
整租 | 7号线锦绣路地铁站 大华锦绣华城十二街区 3室2卫2,3室2厅2卫                    149O,6570,元/月
整租 | 懂你的房源 都在这里 地铁11号线秀沿路站 看房方便,3室1厅1卫                    89O,4600,元/月
"整租 | 家乐福超市150米，电影院，ktv ,餐厅一应俱全。",3室2厅2卫                    103O,5300,元/月
整租 | 精品公寓 精装整租 配置齐全 2号线 拎包入住 付1,1室1厅1卫                    30O,2580,元/月
整租 | 九城湖滨，精装小两房，配套齐全，拎包入住！,2室2厅1卫                    70O,4000,元/月
整租 | 整租精装一房 6号线地铁旁 直租 有独立卫浴 可短租,1室1厅1卫                    35O,1850,元/月
"整租 | 新天地,翠湖天地苑,翠湖大平层,起租业主配全套达芬奇",4室2厅1卫                    366O,37000,元/月
单间 | 靠近地铁九号线~交通便利~家具齐全~拎包入住,次卧(4室)                    30O,1600,元/月
整租 | 新出地铁房，楼下直通超市、地铁、公交总站，价格真实可,1室1厅1卫                    41O,2400,元/月
整租 | 您刚好需要，我刚好专业，为您找一个温馨的家，看房提前,1室1厅1卫                    54O,4500,元/月
整租 | 卢湾、打浦桥、上门实拍、近4/9/13号线、老房东全,1室0厅1卫                    28O,2600,元/月
"单间 | 汤巷馨村1900全新一室户,可支付,房东直租",主卧(2室)                    23O,1900,元/月
整租 | 幸福小镇 3房1厅 精装全配 出租 随时入住,3室1厅1卫                    110O,6500,元/月
单间 | 浦江东旭公寓 家私家电齐 干净舒适漂亮 屋子通风采光,主卧(1室)                    20O,1400,元/月
整租 | 明天华城 精装修南北通透 朝向 图片真实 拎包即住,2室2厅1卫                    95O,3800,元/月
整租 | 全新家具家电，舒适的居住环境，成熟的生活商圈，万达广,1室1厅1卫                    42O,2000,元/月
单间 | 老外街 新出合租房 临地铁 菜场 好房子 就等你了,主卧(3室)                    15O,1800,元/月
整租 | 开鲁四村 精装修 带固定车位 正规一室一厅 小区,1室1厅1卫                    43O,4000,元/月
整租 | 世博家园十一街坊+2室2厅1卫+完善配套+便利交通,2室2厅1卫                    80O,4500,元/月
整租 | 松江万达写字楼 一房带独立办公室 租客转租 只有一套,1室1厅1卫                    78O,3800,元/月
整租 | 零，交通便利，拎包入住，房东直租，7号杨锦绣路,1室0厅1卫                    25O,2000,元/月
整租 | 湖畔尚品.精装修.开元地中海东鼎购物中心.近9号线新,1室0厅1卫                    45O,2000,元/月
整租 | 双气房 朝南户型 采光非常好 精装修 家具家电齐全,3室2厅2卫                    116O,7000,元/月
单间 | 拎包入住，陈春路88弄小区，设施齐全，近地铁芳华路站,次卧(1室)                    16O,1200,元/月
整租 | 离地铁1500米 性价比高 适合入住舒适两房 干净整,2室2厅1卫                    74O,2800,元/月
整租 | 三湘四季花城+近地铁九号线+交通便利+设施齐全+繁华,1室1厅1卫                    64O,3700,元/月
单间 | 全配朝南1700元/月 即住 免费搬家,主卧(1室)                    68O,1700,元/月
标题,房型,房租,房租单位,地址
单间 | 新房出租 小区快速直达地铁 精装修家具家电齐全 看房,主卧(1室)                    20O,1800,元/月
"整租 | 象源丽都,新鲜挂牌,附近有地铁,温馨之家",1室1厅1卫                    59O,4300,元/月
"整租 | 地铁4号线,朝南带飘窗,房型正气,温馨公主房,拎包入",1室1厅1卫                    45O,3800,元/月
整租 | 梅六小区 精装两房 近13号真北站 红星美凯龙 押一,2室1厅1卫                    73O,4000,元/月
整租 | 紧邻地铁，适合欧尚超市，长海医院，五角场合生汇，黄兴,2室1厅1卫                    58O,4200,元/月
整租 | 全明户型 自住精装房 押一付一 小区环境好 配套齐全,1室1厅1卫                    31O,2200,元/月
整租 | 地铁6号线 金桥 全新精装一室 独厨独卫 随时看房,1室0厅1卫                    15O,1400,元/月
整租 | 7芳华路 巴黎春天 独立一室户 精装修 独卫浴,1室1厅1卫                    18O,2000,元/月
整租 | 新浦江城豪华单间，适合白领居住，随时看房。拎包入住,1室1厅1卫                    50O,3500,元/月
"整租 | 香楠小区,全新装修,家电齐全,采光好,设施齐全,整租",1室1厅1卫                    35O,2500,元/月
整租 | 万寿新村2房  采光好,2室1厅1卫                    58O,1900,元/月
整租 | 7号线锦绣路地铁站 大华锦绣华城十二街区 3室2卫2,3室2厅2卫                    149O,6570,元/月
整租 | 懂你的房源 都在这里 地铁11号线秀沿路站 看房方便,3室1厅1卫                    89O,4600,元/月
"整租 | 家乐福超市150米，电影院，ktv ,餐厅一应俱全。",3室2厅2卫                    103O,5300,元/月
整租 | 精品公寓 精装整租 配置齐全 2号线 拎包入住 付1,1室1厅1卫                    30O,2580,元/月
整租 | 九城湖滨，精装小两房，配套齐全，拎包入住！,2室2厅1卫                    70O,4000,元/月
整租 | 整租精装一房 6号线地铁旁 直租 有独立卫浴 可短租,1室1厅1卫                    35O,1850,元/月
"整租 | 新天地,翠湖天地苑,翠湖大平层,起租业主配全套达芬奇",4室2厅1卫                    366O,37000,元/月
单间 | 靠近地铁九号线~交通便利~家具齐全~拎包入住,次卧(4室)                    30O,1600,元/月
整租 | 新出地铁房，楼下直通超市、地铁、公交总站，价格真实可,1室1厅1卫                    41O,2400,元/月
整租 | 您刚好需要，我刚好专业，为您找一个温馨的家，看房提前,1室1厅1卫                    54O,4500,元/月
整租 | 卢湾、打浦桥、上门实拍、近4/9/13号线、老房东全,1室0厅1卫                    28O,2600,元/月
"单间 | 汤巷馨村1900全新一室户,可支付,房东直租",主卧(2室)                    23O,1900,元/月
整租 | 幸福小镇 3房1厅 精装全配 出租 随时入住,3室1厅1卫                    110O,6500,元/月
单间 | 浦江东旭公寓 家私家电齐 干净舒适漂亮 屋子通风采光,主卧(1室)                    20O,1400,元/月
整租 | 明天华城 精装修南北通透 朝向 图片真实 拎包即住,2室2厅1卫                    95O,3800,元/月
整租 | 全新家具家电，舒适的居住环境，成熟的生活商圈，万达广,1室1厅1卫                    42O,2000,元/月
单间 | 老外街 新出合租房 临地铁 菜场 好房子 就等你了,主卧(3室)                    15O,1800,元/月
整租 | 开鲁四村 精装修 带固定车位 正规一室一厅 小区,1室1厅1卫                    43O,4000,元/月
整租 | 世博家园十一街坊+2室2厅1卫+完善配套+便利交通,2室2厅1卫                    80O,4500,元/月
整租 | 松江万达写字楼 一房带独立办公室 租客转租 只有一套,1室1厅1卫                    78O,3800,元/月
整租 | 零，交通便利，拎包入住，房东直租，7号杨锦绣路,1室0厅1卫                    25O,2000,元/月
整租 | 湖畔尚品.精装修.开元地中海东鼎购物中心.近9号线新,1室0厅1卫                    45O,2000,元/月
整租 | 双气房 朝南户型 采光非常好 精装修 家具家电齐全,3室2厅2卫                    116O,7000,元/月
单间 | 拎包入住，陈春路88弄小区，设施齐全，近地铁芳华路站,次卧(1室)                    16O,1200,元/月
整租 | 离地铁1500米 性价比高 适合入住舒适两房 干净整,2室2厅1卫                    74O,2800,元/月
整租 | 三湘四季花城+近地铁九号线+交通便利+设施齐全+繁华,1室1厅1卫                    64O,3700,元/月
单间 | 全配朝南1700元/月 即住 免费搬家,主卧(1室)                    68O,1700,元/月
标题,房型,房租,房租单位,地址
标题,房型,房租,房租单位,地址
标题,房型,房租,房租单位,地址
"整租 | 彭浦新村恒安小区房屋出租,两室一厅,随时看房",2室1厅1卫                    69O,4500,元/月
整租 | 控江路896弄整租，8号线，无中介，房源真实，看房方,1室1厅1卫                    40O,3700,元/月
整租 | 闸北吾乡公寓开业大酬宾 家一般的感觉 真实照片 无,1室1厅1卫                    25O,2800,元/月
单间 | 春申押一付一宜家装修送保洁WiFi地铁周边直租随时入,主卧(3室)                    26O,2475,元/月
单间 | 华川家园朝南房间采光好空间大，小区绿化好,(4室)                    16O,1000,元/月
单间 | 770、178公交沿线 阳光公寓干净清爽 价格实惠朝,隔断(2室)                    11O,850,元/月
整租 | 颛溪五村 1室1卫1厅,1室1厅1卫                    51O,3500,元/月
整租 | 底价出租南北通透3室绿地威廉公寓采光好拎包随时就可以,3室2厅2卫                    122O,5500,元/月
单间 | 莲溪三村(480弄) 次卧出租，限女生，个人无,次卧(3室)                    20O,1750,元/月
整租 | 江桥佳苑 1室1厅1卫,1室1厅1卫                    45O,2500,元/月
整租 | 张江镇上的一房，离金科路地铁和广兰路地铁都很近,1室1厅1卫                    37O,3200,元/月
整租 | 菊盛路50弄 2室2厅 75平米 精装修 押一付三,2室2厅1卫                    75O,3600,元/月
整租 | 永和一村 近市北工业园 仅靠易初莲花超市 家具全配,1室1厅1卫                    45O,3900,元/月
单间 | 闵行丽园小区闵行-江川路主卧900元/月,主卧(2室)                    18O,900,元/月
单间 | 嘉定嘉定城区迎园新村三坊 2室1厅 主卧,主卧(2室)                    67O,1000,元/月
"单间 | 3号线附近，包水电，石墙小间,场中路口江杨南路55弄",次卧(4室以上)                    8O,850,元/月
整租 | 房子合适不合适 点进来看看就知道 不会让您失望！,2室1厅1卫                    63O,5800,元/月
整租 | 近地铁9号线，不仅可以带你看房，还可以带你打王zhe,1室1厅1卫                    46O,3400,元/月
整租 | 黄浦滨江奢华大三房+采光好+业主首租+地铁9号线小南,3室2厅2卫                    155O,14000,元/月
整租 | 城市经典玉墅豪华装修，独特的风格，有内涵，临近地铁随,5室2厅3卫                    196O,25000,元/月
整租 | 夜景房 精装全配 空关 拎包入住 随时看房,2室2厅1卫                    81O,4890,元/月
单间 | 金浦花园 降价了。,主卧(3室)                    167O,2900,元/月
单间 | 福赐花苑 押一付一 单身公寓 近D铁 三号 看房方便,主卧(2室)                    103O,2500,元/月
单间 | 万科城市花园 2室2厅2卫 男女不限,次卧(2室)                    120O,3500,元/月
整租 | 嘉诚倾力打造露香园 豪华装修全屋地暖干净清爽 有会所,3室2厅3卫                    260O,25000,元/月
单间 | 次卧出租，家电齐全，无，随时看房,次卧(2室)                    89O,650,元/月
整租 | 秀怡苑 3室1厅1卫,3室1厅1卫                    95O,4600,元/月
整租 | 复地北桥城 联排别墅 厅大带地下室 近地铁5号线 随,3室2厅2卫                    280O,6000,元/月
单间 | 个人，主卧，不讲价,主卧(4室)                    167O,3500,元/月
单间 | 卫春三街坊 单间出租，朝南次卧，独卫 限女生,次卧(3室)                    25O,1450,元/月
整租 | 逸居公寓 1室1卫0厅,1室0厅1卫                    20O,1800,元/月
整租 | 新芦苑-A区 2室1厅1卫,2室1厅1卫                    82O,900,元/月
整租 | 只做真实的房源，新出好房 一日必租 一房精装全配 4,1室1厅1卫                    43O,3000,元/月
单间 | 房间现代简约风格装修/干净清爽/品质公寓品牌保证 贴,主卧(3室)                    23O,1199,元/月
整租 | 紧缺房源 物业管理完善 环境优雅 绿化设施全 拎包入,2室1厅2卫                    52O,3100,元/月
单间 | 佳安公寓求合租舍友,次卧(2室)                    68O,3300,元/月
"整租 | 川沙城区 精装全配2房朝南,次出租,石皮路4楼 附图",2室1厅1卫                    68O,3100,元/月
单间 | 次卧，小房间，价格低,次卧(4室)                    168O,1999,元/月
单间 | 闵行春申绿地春申花园 3室2厅 次卧 朝东 精装修,次卧(3室)                    18O,1900,元/月
整租 | 瑞凯丽庭(770弄 2室1厅1卫,2室1厅1卫                    64O,3000,元/月
单间 | 主卧朝南带阳台精装修全配可直接拎包入住,主卧(3室)                    18O,1100,元/月
整租 | 优质两房，豪华装修，家电齐全，拧包入住,2室1厅1卫                    76O,2100,元/月
整租 | 昌鑫时代绿园精装两房 配套齐全 拎包入住 随时看房,2室1厅1卫                    70O,3600,元/月
整租 | 房东急租底价出租仅此一套紧邻地，铁6/7/8号，线随,2室1厅1卫                    68O,4500,元/月
单间 | 采光大气别样的温馨如家的温暖实体主、次卧1200-1,主卧(3室)                    20O,1600,元/月
单间 | 多余的一个房间低价出租（可适当面议）非中介，房间所见,次卧(3室)                    12O,1000,元/月
"整租 | 精装全配2房出租 只要1700一个月,房东人很好!拎",2室2厅1卫                    88O,1700,元/月
单间 | 个人三号线大柏树5分钟可做饭有阳台,主卧(2室)                    25O,1150,元/月
单间 | 曹杨花苑北区 11号线上海西站 主卧朝南 大空间 如,主卧(3室)                    18O,2000,元/月
单间 | 闵行古美罗阳康健丽都 3室2厅 次卧 朝南 精装修,次卧(3室)                    20O,2080,元/月
整租 | 汇东村 7室1厅3卫,7室1厅3卫                    200O,6000,元/月
整租 | 上南五村 靠近地铁7.8号线 全明户型 精装修 可押,1室1厅1卫                    40O,2300,元/月
整租 | 微租公寓 租金1030元新出独厨独卫精装一室户 7号,1室0厅1卫                    15O,1030,元/月
单间 | 玉兰香苑四期 1室1厅1卫 限男生,主卧(1室)                    20O,900,元/月
整租 | 精装一房，家具全套，出门地铁，商圈成熟，拎包入住，诚,1室1厅1卫                    41O,3200,元/月
整租 | 卓越世纪中心 楼下商业街 周边百联苏宁 临近地铁 拎,2室1厅2卫                    47O,1700,元/月
整租 | 近马路地铁站.麦德龙.育才中学.育英街.精装全配.拎,3室2厅1卫                    88O,5000,元/月
整租 | 价格可以谈 房东叔叔很好说话的 家具电器都好用的 拎,1室1厅1卫                    50O,3500,元/月
单间 | 金群苑 2室1厅1卫 找合租室友,次卧(2室)                    20O,1600,元/月
整租 | 十号线龙柏新村站精装修大一房随时看房随时入住欢迎致电,1室1厅1卫                    40O,3500,元/月
整租 | 车站新村精装修一房紧靠上海西站地铁十一号线随时拎包入,2室1厅1卫                    64O,6400,元/月
整租 | 贺桥公寓 2室2厅1卫,2室2厅1卫                    95O,3000,元/月
整租 | 精装全配两房，紧邻地铁8/13号线，随时看房，拎包入,2室1厅1卫                    56O,3100,元/月
整租 | 荣德别墅 6室3厅4卫,6室3厅4卫                    300O,18000,元/月
整租 | 金和佳园 2室2厅1卫,2室2厅1卫                    87.5O,5200,元/月
整租 | 地铁南浦大桥站 温馨舒适 拎包入住 房型正气 朝南采,1室1厅1卫                    41O,3200,元/月
整租 | 高行1室一个有美、有艺术、有生活、唯独没有压力的居住,1室0厅1卫                    25O,1800,元/月
整租 | 7号13号长寿路地铁口+小区干净卫生+朝南户型,1室1厅1卫                    40O,4800,元/月
整租 | 整租 新出房源 天极盛宅花园 二室二厅一卫 家具家电,2室2厅1卫                    80O,2200,元/月
整租 | 汇元坊 2室1卫2厅,2室2厅1卫                    100O,9500,元/月
整租 | 莲康苑 1室1厅1卫,1室1厅1卫                    58O,3500,元/月
整租 | 古桐公寓 2室2卫1厅,2室1厅2卫                    78O,1600,元/月
单间 | 闵行古美罗阳江南星城叠翠 3室2厅 主卧 朝南 精装,主卧(3室)                    20O,2580,元/月
标题,房型,房租,房租单位,地址
"整租 | 彭浦新村恒安小区房屋出租,两室一厅,随时看房",2室1厅1卫                    69O,4500,元/月
整租 | 控江路896弄整租，8号线，无中介，房源真实，看房方,1室1厅1卫                    40O,3700,元/月
整租 | 闸北吾乡公寓开业大酬宾 家一般的感觉 真实照片 无,1室1厅1卫                    25O,2800,元/月
单间 | 春申押一付一宜家装修送保洁WiFi地铁周边直租随时入,主卧(3室)                    26O,2475,元/月
单间 | 华川家园朝南房间采光好空间大，小区绿化好,(4室)                    16O,1000,元/月
单间 | 770、178公交沿线 阳光公寓干净清爽 价格实惠朝,隔断(2室)                    11O,850,元/月
整租 | 颛溪五村 1室1卫1厅,1室1厅1卫                    51O,3500,元/月
整租 | 底价出租南北通透3室绿地威廉公寓采光好拎包随时就可以,3室2厅2卫                    122O,5500,元/月
单间 | 莲溪三村(480弄) 次卧出租，限女生，个人无,次卧(3室)                    20O,1750,元/月
整租 | 江桥佳苑 1室1厅1卫,1室1厅1卫                    45O,2500,元/月
整租 | 张江镇上的一房，离金科路地铁和广兰路地铁都很近,1室1厅1卫                    37O,3200,元/月
整租 | 菊盛路50弄 2室2厅 75平米 精装修 押一付三,2室2厅1卫                    75O,3600,元/月
整租 | 永和一村 近市北工业园 仅靠易初莲花超市 家具全配,1室1厅1卫                    45O,3900,元/月
单间 | 闵行丽园小区闵行-江川路主卧900元/月,主卧(2室)                    18O,900,元/月
单间 | 嘉定嘉定城区迎园新村三坊 2室1厅 主卧,主卧(2室)                    67O,1000,元/月
"单间 | 3号线附近，包水电，石墙小间,场中路口江杨南路55弄",次卧(4室以上)                    8O,850,元/月
整租 | 房子合适不合适 点进来看看就知道 不会让您失望！,2室1厅1卫                    63O,5800,元/月
整租 | 近地铁9号线，不仅可以带你看房，还可以带你打王zhe,1室1厅1卫                    46O,3400,元/月
整租 | 黄浦滨江奢华大三房+采光好+业主首租+地铁9号线小南,3室2厅2卫                    155O,14000,元/月
整租 | 城市经典玉墅豪华装修，独特的风格，有内涵，临近地铁随,5室2厅3卫                    196O,25000,元/月
整租 | 夜景房 精装全配 空关 拎包入住 随时看房,2室2厅1卫                    81O,4890,元/月
单间 | 金浦花园 降价了。,主卧(3室)                    167O,2900,元/月
单间 | 福赐花苑 押一付一 单身公寓 近D铁 三号 看房方便,主卧(2室)                    103O,2500,元/月
单间 | 万科城市花园 2室2厅2卫 男女不限,次卧(2室)                    120O,3500,元/月
整租 | 嘉诚倾力打造露香园 豪华装修全屋地暖干净清爽 有会所,3室2厅3卫                    260O,25000,元/月
单间 | 次卧出租，家电齐全，无，随时看房,次卧(2室)                    89O,650,元/月
整租 | 秀怡苑 3室1厅1卫,3室1厅1卫                    95O,4600,元/月
整租 | 复地北桥城 联排别墅 厅大带地下室 近地铁5号线 随,3室2厅2卫                    280O,6000,元/月
单间 | 个人，主卧，不讲价,主卧(4室)                    167O,3500,元/月
单间 | 卫春三街坊 单间出租，朝南次卧，独卫 限女生,次卧(3室)                    25O,1450,元/月
整租 | 逸居公寓 1室1卫0厅,1室0厅1卫                    20O,1800,元/月
整租 | 新芦苑-A区 2室1厅1卫,2室1厅1卫                    82O,900,元/月
整租 | 只做真实的房源，新出好房 一日必租 一房精装全配 4,1室1厅1卫                    43O,3000,元/月
单间 | 房间现代简约风格装修/干净清爽/品质公寓品牌保证 贴,主卧(3室)                    23O,1199,元/月
整租 | 紧缺房源 物业管理完善 环境优雅 绿化设施全 拎包入,2室1厅2卫                    52O,3100,元/月
单间 | 佳安公寓求合租舍友,次卧(2室)                    68O,3300,元/月
"整租 | 川沙城区 精装全配2房朝南,次出租,石皮路4楼 附图",2室1厅1卫                    68O,3100,元/月
单间 | 次卧，小房间，价格低,次卧(4室)                    168O,1999,元/月
单间 | 闵行春申绿地春申花园 3室2厅 次卧 朝东 精装修,次卧(3室)                    18O,1900,元/月
整租 | 瑞凯丽庭(770弄 2室1厅1卫,2室1厅1卫                    64O,3000,元/月
单间 | 主卧朝南带阳台精装修全配可直接拎包入住,主卧(3室)                    18O,1100,元/月
整租 | 优质两房，豪华装修，家电齐全，拧包入住,2室1厅1卫                    76O,2100,元/月
整租 | 昌鑫时代绿园精装两房 配套齐全 拎包入住 随时看房,2室1厅1卫                    70O,3600,元/月
整租 | 房东急租底价出租仅此一套紧邻地，铁6/7/8号，线随,2室1厅1卫                    68O,4500,元/月
单间 | 采光大气别样的温馨如家的温暖实体主、次卧1200-1,主卧(3室)                    20O,1600,元/月
单间 | 多余的一个房间低价出租（可适当面议）非中介，房间所见,次卧(3室)                    12O,1000,元/月
"整租 | 精装全配2房出租 只要1700一个月,房东人很好!拎",2室2厅1卫                    88O,1700,元/月
单间 | 个人三号线大柏树5分钟可做饭有阳台,主卧(2室)                    25O,1150,元/月
单间 | 曹杨花苑北区 11号线上海西站 主卧朝南 大空间 如,主卧(3室)                    18O,2000,元/月
单间 | 闵行古美罗阳康健丽都 3室2厅 次卧 朝南 精装修,次卧(3室)                    20O,2080,元/月
整租 | 汇东村 7室1厅3卫,7室1厅3卫                    200O,6000,元/月
整租 | 上南五村 靠近地铁7.8号线 全明户型 精装修 可押,1室1厅1卫                    40O,2300,元/月
整租 | 微租公寓 租金1030元新出独厨独卫精装一室户 7号,1室0厅1卫                    15O,1030,元/月
单间 | 玉兰香苑四期 1室1厅1卫 限男生,主卧(1室)                    20O,900,元/月
整租 | 精装一房，家具全套，出门地铁，商圈成熟，拎包入住，诚,1室1厅1卫                    41O,3200,元/月
整租 | 卓越世纪中心 楼下商业街 周边百联苏宁 临近地铁 拎,2室1厅2卫                    47O,1700,元/月
整租 | 近马路地铁站.麦德龙.育才中学.育英街.精装全配.拎,3室2厅1卫                    88O,5000,元/月
整租 | 价格可以谈 房东叔叔很好说话的 家具电器都好用的 拎,1室1厅1卫                    50O,3500,元/月
单间 | 金群苑 2室1厅1卫 找合租室友,次卧(2室)                    20O,1600,元/月
整租 | 十号线龙柏新村站精装修大一房随时看房随时入住欢迎致电,1室1厅1卫                    40O,3500,元/月
整租 | 车站新村精装修一房紧靠上海西站地铁十一号线随时拎包入,2室1厅1卫                    64O,6400,元/月
整租 | 贺桥公寓 2室2厅1卫,2室2厅1卫                    95O,3000,元/月
整租 | 精装全配两房，紧邻地铁8/13号线，随时看房，拎包入,2室1厅1卫                    56O,3100,元/月
整租 | 荣德别墅 6室3厅4卫,6室3厅4卫                    300O,18000,元/月
整租 | 金和佳园 2室2厅1卫,2室2厅1卫                    87.5O,5200,元/月
整租 | 地铁南浦大桥站 温馨舒适 拎包入住 房型正气 朝南采,1室1厅1卫                    41O,3200,元/月
整租 | 高行1室一个有美、有艺术、有生活、唯独没有压力的居住,1室0厅1卫                    25O,1800,元/月
整租 | 7号13号长寿路地铁口+小区干净卫生+朝南户型,1室1厅1卫                    40O,4800,元/月
整租 | 整租 新出房源 天极盛宅花园 二室二厅一卫 家具家电,2室2厅1卫                    80O,2200,元/月
整租 | 汇元坊 2室1卫2厅,2室2厅1卫                    100O,9500,元/月
整租 | 莲康苑 1室1厅1卫,1室1厅1卫                    58O,3500,元/月
整租 | 古桐公寓 2室2卫1厅,2室1厅2卫                    78O,1600,元/月
单间 | 闵行古美罗阳江南星城叠翠 3室2厅 主卧 朝南 精装,主卧(3室)                    20O,2580,元/月
标题,房型,房租,房租单位,地址
整租 | 2号线徐泾东，二联馨苑，朝南带独厨卫，通风好，押一付,1室0厅1卫                    30O,2400,元/月
整租 | 虹桥火车站附近爱博六村，南北精装二室，带阳台，拎包入,2室2厅1卫                    65O,3900,元/月
单间 | 一号线马戏城，大宁国际，精装合租房，朝南大次卧带拐角,次卧(3室)                    22O,1800,元/月
单间 | 浦东陆家嘴东昌大楼 大学生 白领公寓 精装修【女生】,主卧(2室)                    35O,900,元/月
整租 | 市民新村 2室1厅1卫,2室1厅1卫                    47O,5500,元/月
单间 | 两个单间出租豪华装修,主卧(3室)                    94O,2500,元/月
单间 | 房间现代简约风格装修/干净清爽/品质公寓品牌保证 贴,主卧(3室)                    23O,1199,元/月
整租 | 华悦家园(1 1室0厅1卫,1室0厅1卫                    25O,2300,元/月
单间 | 瑞和华苑 简单装修 男女不限 拎包入住,次卧(2室)                    18O,800,元/月
单间 | 好日子大家园D区 2室2厅1卫 男女不限,主卧(2室)                    15O,800,元/月
单间 | 一号线通和新村站附近有单间出租。装修精美。,次卧(4室)                    15O,1300,元/月
单间 | 个人转租，万科城市花园7区22号电梯房合租房面积大,次卧(3室)                    20O,1600,元/月
单间 | 高档小区单间出租,主卧(3室)                    138O,3800,元/月
单间 | 带空调宽带热水器非隔断优质房限女士,主卧(2室)                    45O,450,元/月
整租 | 鑫佳青年公寓 1室0厅1卫,1室0厅1卫                    45O,1650,元/月
"整租 | 川沙城区 精装全配2房朝南,次出租,石皮路4楼 附图",2室1厅1卫                    68O,3100,元/月
整租 | 金汇豪庭 4室2厅3卫,4室2厅3卫                    245O,25000,元/月
单间 | 闵行航华航华一村一街 2室1厅 次卧 朝北 简单装修,次卧(2室)                    20O,1700,元/月
整租 | 昌鑫时代绿园精装两房 配套齐全 拎包入住 随时看房,2室1厅1卫                    70O,3600,元/月
整租 | 丽水豪庭 3室1厅1卫,3室1厅1卫                    84O,4300,元/月
整租 | 灵新小区 1室1厅1卫,1室1厅1卫                    47O,2700,元/月
单间 | 徐汇万体馆徐虹公寓 1室2厅 次卧 朝西 豪华装修,次卧(1室)                    36O,2900,元/月
单间 | 泗泾新凯城兰馨苑单间出租,次卧(3室)                    16O,1300,元/月
单间 | 金群苑南区 4室1厅1卫 男女不限 转租急价钱好商量,次卧(4室)                    24O,1450,元/月
单间 | 中大九里德(公寓) 3室2厅1卫 男女不限,主卧(3室)                    15O,1300,元/月
单间 | 采光大气别样的温馨如家的温暖实体主、次卧1200-1,主卧(3室)                    20O,1600,元/月
"整租 | 地铁旁精装修公寓（浦江意优）,可提供工作或生意机会",1室1厅1卫                    50O,3200,元/月
整租 | 漓江山水花园 4室3卫2厅,4室3厅2卫                    305O,19800,元/月
整租 | 黄浦滨江奢华大三房+采光好+业主首租+地铁9号线小南,3室2厅2卫                    155O,14000,元/月
整租 | 高行1室一个有美、有艺术、有生活、唯独没有压力的居住,1室0厅1卫                    25O,1800,元/月
单间 | 春申押一付一宜家装修送保洁WiFi地铁周边直租随时入,主卧(3室)                    26O,2475,元/月
整租 | 地铁南浦大桥站 温馨舒适 拎包入住 房型正气 朝南采,1室1厅1卫                    41O,3200,元/月
整租 | 只做真实的房源，新出好房 一日必租 一房精装全配 4,1室1厅1卫                    43O,3000,元/月
整租 | 嘉诚倾力打造露香园 豪华装修全屋地暖干净清爽 有会所,3室2厅3卫                    260O,25000,元/月
单间 | 个人出租，包宽带实体朝南全装全配，随时入住，近莲花路,次卧(3室)                    18O,1650,元/月
单间 | 浦东外高桥和祥佳园 3室1厅 隔断 毛坯,隔断(3室)                    100O,700,元/月
整租 | 崧文苑 3室2厅2卫,3室2厅2卫                    118O,2555,元/月
整租 | 优质两房，豪华装修，家电齐全，拧包入住,2室1厅1卫                    76O,2100,元/月
整租 | 精装一房，家具全套，出门地铁，商圈成熟，拎包入住，诚,1室1厅1卫                    41O,3200,元/月
整租 | 紧缺房源 物业管理完善 环境优雅 绿化设施全 拎包入,2室1厅2卫                    52O,3100,元/月
整租 | 上南五村 靠近地铁7.8号线 全明户型 精装修 可押,1室1厅1卫                    40O,2300,元/月
整租 | 近马路地铁站.麦德龙.育才中学.育英街.精装全配.拎,3室2厅1卫                    88O,5000,元/月
整租 | 十号线龙柏新村站精装修大一房随时看房随时入住欢迎致电,1室1厅1卫                    40O,3500,元/月
"单间 | 3号线附近，包水电，石墙小间,场中路口江杨南路55弄",次卧(4室以上)                    8O,850,元/月
单间 | 华川家园朝南房间采光好空间大，小区绿化好,(4室)                    16O,1000,元/月
整租 | 房东急租底价出租仅此一套紧邻地，铁6/7/8号，线随,2室1厅1卫                    68O,4500,元/月
整租 | 张江镇上的一房，离金科路地铁和广兰路地铁都很近,1室1厅1卫                    37O,3200,元/月
单间 | 多余的一个房间低价出租（可适当面议）非中介，房间所见,次卧(3室)                    12O,1000,元/月
单间 | 曹杨花苑北区 11号线上海西站 主卧朝南 大空间 如,主卧(3室)                    18O,2000,元/月
整租 | 7号13号长寿路地铁口+小区干净卫生+朝南户型,1室1厅1卫                    40O,4800,元/月
整租 | 车站新村精装修一房紧靠上海西站地铁十一号线随时拎包入,2室1厅1卫                    64O,6400,元/月
整租 | 微租公寓 租金1030元新出独厨独卫精装一室户 7号,1室0厅1卫                    15O,1030,元/月
整租 | 平阳绿家园-三期 1室1厅1卫,1室1厅1卫                    35O,2500,元/月
整租 | 近地铁9号线，不仅可以带你看房，还可以带你打王zhe,1室1厅1卫                    46O,3400,元/月
单间 | 虹口 曲阳路 2室 主卧,主卧(2室)                    40O,900,元/月
整租 | 夜景房 精装全配 空关 拎包入住 随时看房,2室2厅1卫                    81O,4890,元/月
单间 | 鸿宝二村北区 2室1厅1卫 男女不限,次卧(2室)                    18O,1099,元/月
整租 | 底价出租南北通透3室绿地威廉公寓采光好拎包随时就可以,3室2厅2卫                    122O,5500,元/月
"整租 | 精装全配2房出租 只要1700一个月,房东人很好!拎",2室2厅1卫                    88O,1700,元/月
整租 | 新凯家园 1室1厅1卫,1室1厅1卫                    55O,2300,元/月
整租 | 永和一村 近市北工业园 仅靠易初莲花超市 家具全配,1室1厅1卫                    45O,3900,元/月
整租 | 卓越世纪中心 楼下商业街 周边百联苏宁 临近地铁 拎,2室1厅2卫                    47O,1700,元/月
整租 | 复地北桥城 联排别墅 厅大带地下室 近地铁5号线 随,3室2厅2卫                    280O,6000,元/月
整租 | 价格可以谈 房东叔叔很好说话的 家具电器都好用的 拎,1室1厅1卫                    50O,3500,元/月
整租 | 江桥佳苑 1室1厅1卫,1室1厅1卫                    45O,2500,元/月
整租 | 房子合适不合适 点进来看看就知道 不会让您失望！,2室1厅1卫                    63O,5800,元/月
单间 | 浦东周浦汤巷馨村二期 1室0厅 主卧 朝南 简单装修,主卧(1室)                    22O,1300,元/月
单间 | 福赐花苑 押一付一 单身公寓 近D铁 三号 看房方便,主卧(2室)                    103O,2500,元/月
整租 | 城市经典玉墅豪华装修，独特的风格，有内涵，临近地铁随,5室2厅3卫                    196O,25000,元/月
单间 | 清爽实惠空调单间800-1450次卧公交直达徐家汇万,隔断(2室)                    10O,850,元/月
整租 | 整租 新出房源 天极盛宅花园 二室二厅一卫 家具家电,2室2厅1卫                    80O,2200,元/月
整租 | 精装全配两房，紧邻地铁8/13号线，随时看房，拎包入,2室1厅1卫                    56O,3100,元/月
整租 | 径东小区个人 1室1厅1卫,1室1厅1卫                    42O,3700,元/月
标题,房型,房租,房租单位,地址
单间 | 万体馆押一付一全装全配实拍图交通便利直租拎包入住,主卧(3室)                    26O,2350,元/月
整租 | 诚租东方商厦旁2房 装修全配 包物业 1700,2室1厅1卫                    55O,2200,元/月
整租 | 祥和名抵朝南带阳台照片真实中央空调带地暖看房方便,2室1厅1卫                    82O,7500,元/月
"整租 | 川沙城区 精装全配2房朝南,次出租,石皮路4楼 附图",2室1厅1卫                    68O,3100,元/月
整租 | 径东小区个人 1室1厅1卫,1室1厅1卫                    42O,3700,元/月
整租 | 鑫佳青年公寓 1室0厅1卫,1室0厅1卫                    45O,1650,元/月
单间 | 绿庭尚城 3室1厅2卫 采光好 个人出租 无,主卧(3室)                    20O,1500,元/月
整租 | 永和一村 近市北工业园 仅靠易初莲花超市 家具全配,1室1厅1卫                    45O,3900,元/月
单间 | 个人转租，万科城市花园7区22号电梯房合租房面积大,次卧(3室)                    20O,1600,元/月
整租 | 地铁南浦大桥站 温馨舒适 拎包入住 房型正气 朝南采,1室1厅1卫                    41O,3200,元/月
整租 | 华悦家园(1 1室0厅1卫,1室0厅1卫                    25O,2300,元/月
整租 | 金汇豪庭 4室2厅3卫,4室2厅3卫                    245O,25000,元/月
整租 | 张江东区人才公寓私房出租,1室0厅1卫                    20O,1400,元/月
整租 | 底价出租南北通透3室绿地威廉公寓采光好拎包随时就可以,3室2厅2卫                    122O,5500,元/月
单间 | 华川家园朝南房间采光好空间大，小区绿化好,(4室)                    16O,1000,元/月
单间 | 一号线通和新村站附近有单间出租。装修精美。,次卧(4室)                    15O,1300,元/月
整租 | 复地北桥城 联排别墅 厅大带地下室 近地铁5号线 随,3室2厅2卫                    280O,6000,元/月
单间 | 瑞和华苑 简单装修 男女不限 拎包入住,次卧(2室)                    18O,800,元/月
整租 | 房子合适不合适 点进来看看就知道 不会让您失望！,2室1厅1卫                    63O,5800,元/月
整租 | 微租公寓 租金1030元新出独厨独卫精装一室户 7号,1室0厅1卫                    15O,1030,元/月
整租 | 浦东惠南南门沪浦公寓无拎包入住 1室0厅1卫,1室0厅1卫                    25O,800,元/月
单间 | 徐汇区，距离地铁口600米，房东直租，通风采光环境好,主卧(2室)                    45O,600,元/月
整租 | 紧缺房源 物业管理完善 环境优雅 绿化设施全 拎包入,2室1厅2卫                    52O,3100,元/月
整租 | 海滨七村 1室1卫1厅,1室1厅1卫                    40O,3000,元/月
整租 | 高行1室一个有美、有艺术、有生活、唯独没有压力的居住,1室0厅1卫                    25O,1800,元/月
整租 | 卓越世纪中心 楼下商业街 周边百联苏宁 临近地铁 拎,2室1厅2卫                    47O,1700,元/月
整租 | 近马路地铁站.麦德龙.育才中学.育英街.精装全配.拎,3室2厅1卫                    88O,5000,元/月
整租 | 精装一房，家具全套，出门地铁，商圈成熟，拎包入住，诚,1室1厅1卫                    41O,3200,元/月
整租 | 张江镇上的一房，离金科路地铁和广兰路地铁都很近,1室1厅1卫                    37O,3200,元/月
单间 | 中大九里德(公寓) 3室2厅1卫 男女不限,主卧(3室)                    15O,1300,元/月
整租 | 市政馨苑 1室1厅1卫,1室1厅1卫                    52O,4500,元/月
整租 | 整租 新出房源 天极盛宅花园 二室二厅一卫 家具家电,2室2厅1卫                    80O,2200,元/月
整租 | 丽水豪庭 3室1厅1卫,3室1厅1卫                    84O,4300,元/月
整租 | 夜景房 精装全配 空关 拎包入住 随时看房,2室2厅1卫                    81O,4890,元/月
单间 | 君莲小区 3室1厅1卫 男女不限 主卧 朝阳,主卧(3室)                    18O,1700,元/月
整租 | 价格可以谈 房东叔叔很好说话的 家具电器都好用的 拎,1室1厅1卫                    50O,3500,元/月
整租 | 近地铁9号线，不仅可以带你看房，还可以带你打王zhe,1室1厅1卫                    46O,3400,元/月
整租 | 优质两房，豪华装修，家电齐全，拧包入住,2室1厅1卫                    76O,2100,元/月
整租 | 只做真实的房源，新出好房 一日必租 一房精装全配 4,1室1厅1卫                    43O,3000,元/月
整租 | 昌鑫时代绿园精装两房 配套齐全 拎包入住 随时看房,2室1厅1卫                    70O,3600,元/月
单间 | 个人出租，包宽带实体朝南次全装全配，随时入住，近莲花,次卧(3室)                    18O,1650,元/月
单间 | 1室0厅 次卧 朝北 豪华装修随时可以拎包入住我是房,次卧(1室)                    33O,2400,元/月
"单间 | 3号线附近，包水电，石墙小间,场中路口江杨南路55弄",次卧(4室以上)                    8O,850,元/月
单间 | 都市雅筑 2室2厅 次卧 朝南 简单装修,次卧(2室)                    15O,950,元/月
单间 | 带空调宽带热水器非隔断优质房限女士,主卧(2室)                    45O,450,元/月
单间 | 九亭地铁站亭汇花苑 朝南大卧室带大阳台，然气烧饭,次卧(2室)                    28O,1850,元/月
整租 | 嘉诚倾力打造露香园 豪华装修全屋地暖干净清爽 有会所,3室2厅3卫                    260O,25000,元/月
整租 | 十号线龙柏新村站精装修大一房随时看房随时入住欢迎致电,1室1厅1卫                    40O,3500,元/月
整租 | 城市经典玉墅豪华装修，独特的风格，有内涵，临近地铁随,5室2厅3卫                    196O,25000,元/月
整租 | 上南五村 靠近地铁7.8号线 全明户型 精装修 可押,1室1厅1卫                    40O,2300,元/月
单间 | 浦东外高桥和祥佳园 3室1厅 隔断 毛坯,隔断(3室)                    100O,700,元/月
单间 | 福赐花苑 押一付一 单身公寓 近D铁 三号 看房方便,主卧(2室)                    103O,2500,元/月
单间 | 银华苑(浦东) 2室1厅1卫 男女不限,主卧(2室)                    75O,1600,元/月
单间 | 春申押一付一宜家装修送保洁WiFi地铁周边直租随时入,主卧(3室)                    26O,2475,元/月
单间 | 鸿宝二村北区 2室1厅1卫 男女不限,次卧(2室)                    18O,1099,元/月
整租 | 7号13号长寿路地铁口+小区干净卫生+朝南户型,1室1厅1卫                    40O,4800,元/月
"整租 | 精装全配2房出租 只要1700一个月,房东人很好!拎",2室2厅1卫                    88O,1700,元/月
整租 | 灵新小区 1室1厅1卫,1室1厅1卫                    47O,2700,元/月
整租 | 市民新村 2室1厅1卫,2室1厅1卫                    47O,5500,元/月
整租 | 精装全配两房，紧邻地铁8/13号线，随时看房，拎包入,2室1厅1卫                    56O,3100,元/月
整租 | 崧文苑 3室2厅2卫,3室2厅2卫                    118O,2555,元/月
单间 | 房间现代简约风格装修/干净清爽/品质公寓品牌保证 贴,主卧(3室)                    23O,1199,元/月
整租 | 新凯家园 1室1厅1卫,1室1厅1卫                    55O,2300,元/月
单间 | 泗泾新凯城兰馨苑单间出租,次卧(3室)                    16O,1300,元/月
单间 | 上海康城 1室1厅1卫 限女生,次卧(1室)                    20O,1350,元/月
单间 | 金群苑南区 4室1厅1卫 男女不限 转租急价钱好商量,次卧(4室)                    24O,1450,元/月
单间 | 虹口 曲阳路 2室 主卧,主卧(2室)                    40O,900,元/月
单间 | 浦东周浦汤巷馨村二期 1室0厅 主卧 朝南 简单装修,主卧(1室)                    22O,1300,元/月
整租 | 房东急租底价出租仅此一套紧邻地，铁6/7/8号，线随,2室1厅1卫                    68O,4500,元/月
整租 | 车站新村精装修一房紧靠上海西站地铁十一号线随时拎包入,2室1厅1卫                    64O,6400,元/月
整租 | 黄浦滨江奢华大三房+采光好+业主首租+地铁9号线小南,3室2厅2卫                    155O,14000,元/月
整租 | 平阳绿家园-三期 1室1厅1卫,1室1厅1卫                    35O,2500,元/月
"整租 | 地铁旁精装修公寓（浦江意优）,可提供工作或生意机会",1室1厅1卫                    50O,3200,元/月
标题,房型,房租,房租单位,地址
标题,房型,房租,房租单位,地址
标题,房型,房租,房租单位,地址
整租 | 龙柏四季花园+地铁口三房+电梯8楼+自住装修+带租赁,3室2厅2卫                    120O,8000,元/月
整租 | 好消息公寓直租地铁6号线沿线！便宜实惠无！实拍照片,1室1厅1卫                    30O,1899,元/月
整租 | 陆家嘴紧邻 八佰伴 潍坊 世纪大道2469 上海大厦,2室1厅1卫                    60O,5200,元/月
单间 | 春申押一付一宜家装修送保洁WiFi地铁周边直租随时入,主卧(3室)                    26O,2475,元/月
单间 | 房东直租（金港花园别墅）单间，燃气做饭，拎包入住,次卧(1室)                    18O,1200,元/月
整租 | 高行1室一个有美、有艺术、有生活、唯独没有压力的居住,1室0厅1卫                    25O,1800,元/月
"整租 | 川沙城区 精装全配2房朝南,次出租,石皮路4楼 附图",2室1厅1卫                    68O,3100,元/月
整租 | 永和一村 近市北工业园 仅靠易初莲花超市 家具全配,1室1厅1卫                    45O,3900,元/月
整租 | 精装全配两房，紧邻地铁8/13号线，随时看房，拎包入,2室1厅1卫                    56O,3100,元/月
"单间 | 3号线附近，包水电，石墙小间,场中路口江杨南路55弄",次卧(4室以上)                    8O,850,元/月
单间 | 7号线刘行地铁房 3室1厅1卫 男女不限,主卧(3室)                    85O,1000,元/月
单间 | 嘉海雅苑(380弄) 2室1厅1卫 限夫妻,主卧(2室)                    18O,1200,元/月
单间 | 宜达新居(8000弄) 3室2厅2卫 男女不限,隔断(3室)                    12O,550,元/月
整租 | 紧缺房源 物业管理完善 环境优雅 绿化设施全 拎包入,2室1厅2卫                    52O,3100,元/月
单间 | 福赐花苑 押一付一 单身公寓 近D铁 三号 看房方便,主卧(2室)                    103O,2500,元/月
单间 | 园南一村 2室1厅1卫,主卧(2室)                    70O,1750,元/月
整租 | 文汇小区 1室1厅1卫,1室1厅1卫                    43O,2600,元/月
整租 | 微租公寓 租金1030元新出独厨独卫精装一室户 7号,1室0厅1卫                    15O,1030,元/月
整租 | 7号13号长寿路地铁口+小区干净卫生+朝南户型,1室1厅1卫                    40O,4800,元/月
整租 | 仙逸小区-南3门 1室0厅1卫,1室0厅1卫                    41O,3800,元/月
整租 | 张江镇上的一房，离金科路地铁和广兰路地铁都很近,1室1厅1卫                    37O,3200,元/月
整租 | 古宋小区 2室1厅1卫,2室1厅1卫                    70O,5800,元/月
单间 | 华川家园朝南房间采光好空间大，小区绿化好,(4室)                    16O,1000,元/月
整租 | 六荷苑小区 2室1厅1卫,2室1厅1卫                    63.89O,3800,元/月
整租 | 近地铁9号线，不仅可以带你看房，还可以带你打王zhe,1室1厅1卫                    46O,3400,元/月
单间 | 低价转租！ 单间 限女生，小情侣亦可,次卧(3室)                    130O,1500,元/月
单间 | 周末特价精品房 不收任何 可付一押一,主卧(1室)                    20O,1660,元/月
整租 | 青浦华新华纪路88弄凌家小区 1室0卫1厅,1室1厅0卫                    22O,1100,元/月
整租 | 整租 新出房源 天极盛宅花园 二室二厅一卫 家具家电,2室2厅1卫                    80O,2200,元/月
整租 | 徐泾新村二区 1室1卫1厅,1室1厅1卫                    20O,1200,元/月
整租 | 金沙丽晶苑 3室2厅1卫,3室2厅1卫                    127O,10000,元/月
单间 | 阳光西班牙 11号线真如站 高档小区 大空间 温馨舒,次卧(4室)                    16O,2222,元/月
整租 | 房子合适不合适 点进来看看就知道 不会让您失望！,2室1厅1卫                    63O,5800,元/月
整租 | 同进理想城 2室1厅2卫,2室1厅2卫                    110O,5000,元/月
整租 | 城市经典玉墅豪华装修，独特的风格，有内涵，临近地铁随,5室2厅3卫                    196O,25000,元/月
整租 | 华亭镇 2室1厅1卫,2室1厅1卫                    150O,1500,元/月
单间 | 房东直租精装朝南主卧包水电网燃气1300/月中介勿扰,主卧(3室)                    15O,1300,元/月
单间 | 个人转租非中介，印象苑 3室1厅1卫 限女生,次卧(3室)                    45O,1475,元/月
整租 | 十号线龙柏新村站精装修大一房随时看房随时入住欢迎致电,1室1厅1卫                    40O,3500,元/月
整租 | 卓越世纪中心 楼下商业街 周边百联苏宁 临近地铁 拎,2室1厅2卫                    47O,1700,元/月
"整租 | 精装全配2房出租 只要1700一个月,房东人很好!拎",2室2厅1卫                    88O,1700,元/月
单间 | 婚房装修，全配。拎包入住。大阳台 大厨房。真实图片,次卧(2室)                    15O,1800,元/月
整租 | 房东急租底价出租仅此一套紧邻地，铁6/7/8号，线随,2室1厅1卫                    68O,4500,元/月
整租 | 夜景房 精装全配 空关 拎包入住 随时看房,2室2厅1卫                    81O,4890,元/月
整租 | 近马路地铁站.麦德龙.育才中学.育英街.精装全配.拎,3室2厅1卫                    88O,5000,元/月
整租 | 嘉诚倾力打造露香园 豪华装修全屋地暖干净清爽 有会所,3室2厅3卫                    260O,25000,元/月
单间 | 自己家房子750元诚心出租，要的来电,次卧(3室)                    12O,750,元/月
整租 | 车站新村精装修一房紧靠上海西站地铁十一号线随时拎包入,2室1厅1卫                    64O,6400,元/月
单间 | 华沁家园 精装朝南主卧带独立厨卫 家电齐全 随时入住,主卧(1室)                    28O,1900,元/月
单间 | 南九亭核心地段，地铁房，独立厨卫别墅单间诚心出租！,主卧(4室)                    18O,1600,元/月
整租 | 恒大华府 3室1卫2厅,3室2厅1卫                    95O,2500,元/月
单间 | 南村小区对面333号 1室1厅1卫 男女不限,主卧(1室)                    20O,1500,元/月
整租 | 黄浦滨江奢华大三房+采光好+业主首租+地铁9号线小南,3室2厅2卫                    155O,14000,元/月
整租 | 价格可以谈 房东叔叔很好说话的 家具电器都好用的 拎,1室1厅1卫                    50O,3500,元/月
整租 | 紫翠高清苑 2室1厅1卫,2室1厅1卫                    65O,4600,元/月
整租 | 宝华盛世花园 4室2卫2厅,4室2厅2卫                    150O,3400,元/月
整租 | 地铁南浦大桥站 温馨舒适 拎包入住 房型正气 朝南采,1室1厅1卫                    41O,3200,元/月
整租 | 月亮河桂园 2室2厅1卫,2室2厅1卫                    84O,4000,元/月
单间 | 闵行颛桥颛溪五村 3室1厅 主卧 朝南 精装修,主卧(3室)                    15O,1100,元/月
整租 | 象屿都城 2室1卫2厅,2室2厅1卫                    92O,4600,元/月
整租 | 昌鑫时代绿园精装两房 配套齐全 拎包入住 随时看房,2室1厅1卫                    70O,3600,元/月
整租 | 上海浦东新区 2室1厅1卫,2室1厅1卫                    72O,4700,元/月
整租 | 只做真实的房源，新出好房 一日必租 一房精装全配 4,1室1厅1卫                    43O,3000,元/月
单间 | 高东新村 2室1厅1卫 男女不限,次卧(2室)                    20O,1500,元/月
整租 | 底价出租南北通透3室绿地威廉公寓采光好拎包随时就可以,3室2厅2卫                    122O,5500,元/月
整租 | 上南五村 靠近地铁7.8号线 全明户型 精装修 可押,1室1厅1卫                    40O,2300,元/月
单间 | 康桥老街 2室2厅 次卧转租 限女生,次卧(2室)                    89O,1900,元/月
整租 | 陆家嘴创业街区 2室2厅1卫,2室2厅1卫                    125O,11000,元/月
整租 | 复地北桥城 联排别墅 厅大带地下室 近地铁5号线 随,3室2厅2卫                    280O,6000,元/月
整租 | 精装一房，家具全套，出门地铁，商圈成熟，拎包入住，诚,1室1厅1卫                    41O,3200,元/月
单间 | 锦绣公寓 2室2厅1卫 男女不限,主卧(2室)                    25O,1500,元/月
整租 | 优质两房，豪华装修，家电齐全，拧包入住,2室1厅1卫                    76O,2100,元/月
单间 | 房间现代简约风格装修/干净清爽/品质公寓品牌保证 贴,主卧(3室)                    23O,1199,元/月
标题,房型,房租,房租单位,地址
整租 | 龙柏四季花园+地铁口三房+电梯8楼+自住装修+带租赁,3室2厅2卫                    120O,8000,元/月
整租 | 好消息公寓直租地铁6号线沿线！便宜实惠无！实拍照片,1室1厅1卫                    30O,1899,元/月
整租 | 陆家嘴紧邻 八佰伴 潍坊 世纪大道2469 上海大厦,2室1厅1卫                    60O,5200,元/月
单间 | 春申押一付一宜家装修送保洁WiFi地铁周边直租随时入,主卧(3室)                    26O,2475,元/月
单间 | 房东直租（金港花园别墅）单间，燃气做饭，拎包入住,次卧(1室)                    18O,1200,元/月
整租 | 高行1室一个有美、有艺术、有生活、唯独没有压力的居住,1室0厅1卫                    25O,1800,元/月
"整租 | 川沙城区 精装全配2房朝南,次出租,石皮路4楼 附图",2室1厅1卫                    68O,3100,元/月
整租 | 永和一村 近市北工业园 仅靠易初莲花超市 家具全配,1室1厅1卫                    45O,3900,元/月
整租 | 精装全配两房，紧邻地铁8/13号线，随时看房，拎包入,2室1厅1卫                    56O,3100,元/月
"单间 | 3号线附近，包水电，石墙小间,场中路口江杨南路55弄",次卧(4室以上)                    8O,850,元/月
单间 | 7号线刘行地铁房 3室1厅1卫 男女不限,主卧(3室)                    85O,1000,元/月
单间 | 嘉海雅苑(380弄) 2室1厅1卫 限夫妻,主卧(2室)                    18O,1200,元/月
单间 | 宜达新居(8000弄) 3室2厅2卫 男女不限,隔断(3室)                    12O,550,元/月
整租 | 紧缺房源 物业管理完善 环境优雅 绿化设施全 拎包入,2室1厅2卫                    52O,3100,元/月
单间 | 福赐花苑 押一付一 单身公寓 近D铁 三号 看房方便,主卧(2室)                    103O,2500,元/月
单间 | 园南一村 2室1厅1卫,主卧(2室)                    70O,1750,元/月
整租 | 文汇小区 1室1厅1卫,1室1厅1卫                    43O,2600,元/月
整租 | 微租公寓 租金1030元新出独厨独卫精装一室户 7号,1室0厅1卫                    15O,1030,元/月
整租 | 7号13号长寿路地铁口+小区干净卫生+朝南户型,1室1厅1卫                    40O,4800,元/月
整租 | 仙逸小区-南3门 1室0厅1卫,1室0厅1卫                    41O,3800,元/月
整租 | 张江镇上的一房，离金科路地铁和广兰路地铁都很近,1室1厅1卫                    37O,3200,元/月
整租 | 古宋小区 2室1厅1卫,2室1厅1卫                    70O,5800,元/月
单间 | 华川家园朝南房间采光好空间大，小区绿化好,(4室)                    16O,1000,元/月
整租 | 六荷苑小区 2室1厅1卫,2室1厅1卫                    63.89O,3800,元/月
整租 | 近地铁9号线，不仅可以带你看房，还可以带你打王zhe,1室1厅1卫                    46O,3400,元/月
单间 | 低价转租！ 单间 限女生，小情侣亦可,次卧(3室)                    130O,1500,元/月
单间 | 周末特价精品房 不收任何 可付一押一,主卧(1室)                    20O,1660,元/月
整租 | 青浦华新华纪路88弄凌家小区 1室0卫1厅,1室1厅0卫                    22O,1100,元/月
整租 | 整租 新出房源 天极盛宅花园 二室二厅一卫 家具家电,2室2厅1卫                    80O,2200,元/月
整租 | 徐泾新村二区 1室1卫1厅,1室1厅1卫                    20O,1200,元/月
整租 | 金沙丽晶苑 3室2厅1卫,3室2厅1卫                    127O,10000,元/月
单间 | 阳光西班牙 11号线真如站 高档小区 大空间 温馨舒,次卧(4室)                    16O,2222,元/月
整租 | 房子合适不合适 点进来看看就知道 不会让您失望！,2室1厅1卫                    63O,5800,元/月
整租 | 同进理想城 2室1厅2卫,2室1厅2卫                    110O,5000,元/月
整租 | 城市经典玉墅豪华装修，独特的风格，有内涵，临近地铁随,5室2厅3卫                    196O,25000,元/月
整租 | 华亭镇 2室1厅1卫,2室1厅1卫                    150O,1500,元/月
单间 | 房东直租精装朝南主卧包水电网燃气1300/月中介勿扰,主卧(3室)                    15O,1300,元/月
单间 | 个人转租非中介，印象苑 3室1厅1卫 限女生,次卧(3室)                    45O,1475,元/月
整租 | 十号线龙柏新村站精装修大一房随时看房随时入住欢迎致电,1室1厅1卫                    40O,3500,元/月
整租 | 卓越世纪中心 楼下商业街 周边百联苏宁 临近地铁 拎,2室1厅2卫                    47O,1700,元/月
"整租 | 精装全配2房出租 只要1700一个月,房东人很好!拎",2室2厅1卫                    88O,1700,元/月
单间 | 婚房装修，全配。拎包入住。大阳台 大厨房。真实图片,次卧(2室)                    15O,1800,元/月
整租 | 房东急租底价出租仅此一套紧邻地，铁6/7/8号，线随,2室1厅1卫                    68O,4500,元/月
整租 | 夜景房 精装全配 空关 拎包入住 随时看房,2室2厅1卫                    81O,4890,元/月
整租 | 近马路地铁站.麦德龙.育才中学.育英街.精装全配.拎,3室2厅1卫                    88O,5000,元/月
整租 | 嘉诚倾力打造露香园 豪华装修全屋地暖干净清爽 有会所,3室2厅3卫                    260O,25000,元/月
单间 | 自己家房子750元诚心出租，要的来电,次卧(3室)                    12O,750,元/月
整租 | 车站新村精装修一房紧靠上海西站地铁十一号线随时拎包入,2室1厅1卫                    64O,6400,元/月
单间 | 华沁家园 精装朝南主卧带独立厨卫 家电齐全 随时入住,主卧(1室)                    28O,1900,元/月
单间 | 南九亭核心地段，地铁房，独立厨卫别墅单间诚心出租！,主卧(4室)                    18O,1600,元/月
整租 | 恒大华府 3室1卫2厅,3室2厅1卫                    95O,2500,元/月
单间 | 南村小区对面333号 1室1厅1卫 男女不限,主卧(1室)                    20O,1500,元/月
整租 | 黄浦滨江奢华大三房+采光好+业主首租+地铁9号线小南,3室2厅2卫                    155O,14000,元/月
整租 | 价格可以谈 房东叔叔很好说话的 家具电器都好用的 拎,1室1厅1卫                    50O,3500,元/月
整租 | 紫翠高清苑 2室1厅1卫,2室1厅1卫                    65O,4600,元/月
整租 | 宝华盛世花园 4室2卫2厅,4室2厅2卫                    150O,3400,元/月
整租 | 地铁南浦大桥站 温馨舒适 拎包入住 房型正气 朝南采,1室1厅1卫                    41O,3200,元/月
整租 | 月亮河桂园 2室2厅1卫,2室2厅1卫                    84O,4000,元/月
单间 | 闵行颛桥颛溪五村 3室1厅 主卧 朝南 精装修,主卧(3室)                    15O,1100,元/月
整租 | 象屿都城 2室1卫2厅,2室2厅1卫                    92O,4600,元/月
整租 | 昌鑫时代绿园精装两房 配套齐全 拎包入住 随时看房,2室1厅1卫                    70O,3600,元/月
整租 | 上海浦东新区 2室1厅1卫,2室1厅1卫                    72O,4700,元/月
整租 | 只做真实的房源，新出好房 一日必租 一房精装全配 4,1室1厅1卫                    43O,3000,元/月
单间 | 高东新村 2室1厅1卫 男女不限,次卧(2室)                    20O,1500,元/月
整租 | 底价出租南北通透3室绿地威廉公寓采光好拎包随时就可以,3室2厅2卫                    122O,5500,元/月
整租 | 上南五村 靠近地铁7.8号线 全明户型 精装修 可押,1室1厅1卫                    40O,2300,元/月
单间 | 康桥老街 2室2厅 次卧转租 限女生,次卧(2室)                    89O,1900,元/月
整租 | 陆家嘴创业街区 2室2厅1卫,2室2厅1卫                    125O,11000,元/月
整租 | 复地北桥城 联排别墅 厅大带地下室 近地铁5号线 随,3室2厅2卫                    280O,6000,元/月
整租 | 精装一房，家具全套，出门地铁，商圈成熟，拎包入住，诚,1室1厅1卫                    41O,3200,元/月
单间 | 锦绣公寓 2室2厅1卫 男女不限,主卧(2室)                    25O,1500,元/月
整租 | 优质两房，豪华装修，家电齐全，拧包入住,2室1厅1卫                    76O,2100,元/月
单间 | 房间现代简约风格装修/干净清爽/品质公寓品牌保证 贴,主卧(3室)                    23O,1199,元/月
标题,房型,房租,房租单位,地址
单间 | 押一付一丨《大叶公路》《金汇政府》丨精装阳台主卧丨家,主卧(3室)                    25O,870,元/月
整租 | 高品质小区，紧邻黄兴公园及地铁， 速看！！！,1室2厅1卫                    70O,5000,元/月
整租 | 成熟小区，整租大三房，居家全配，干净，温馨，装修好，,3室1厅1卫                    120O,4800,元/月
整租 | 紫晶苑 2室2厅1卫,2室2厅1卫                    79O,4600,元/月
"整租 | 原始房型 通风采光好 干净整洁 有钥匙房源,随时可看",3室1厅1卫                    103O,3000,元/月
整租 | 价格可议 温馨舒适 拎包入住 欢迎致电,2室1厅1卫                    62O,5800,元/月
单间 | 蒲汇别墅精装单间带独立厨房卫浴 步行5分钟即到七宝地,主卧(4室)                    28O,2300,元/月
单间 | 张江 玉兰香苑一期B区 2号线广兰路,(3室)                    26O,2450,元/月
单间 | 芙蓉花苑 个人转租，无，交通生活便利，小区环境好,主卧(4室)                    15O,1900,元/月
整租 | 金瑞苑北苑 2室1厅1卫,2室1厅1卫                    74O,2800,元/月
整租 | 南方城 紧邻1号线 豪华装修 带地暖带空调 初次出租,3室2厅2卫                    132O,7500,元/月
整租 | 丰景湾出租房 小高层十楼 精准修 拎包入住,2室2厅1卫                    102.18O,7000,元/月
单间 | 七宝租房 惠明苑 个人转租1900 免,次卧(3室)                    18O,1900,元/月
整租 | 顺馨佳园 精装朝南主卧1200 近地铁菜场 押一付一,3室1厅2卫                    30O,1200,元/月
整租 | 品珍苑 2室2厅1卫,2室2厅1卫                    86O,4500,元/月
整租 | 金谷村 1室1卫1厅,1室1厅1卫                    30O,5300,元/月
整租 | 精装全配，押一付一，干净清爽，出门百米地铁站，拎包入,1室1厅1卫                    37O,4000,元/月
整租 | 近地铁7号线精装修二室户，拎包入住，楼层佳采光好，成,2室1厅1卫                    71O,4500,元/月
整租 | 延吉六村 地铁8号线 交通便利，房东急租，价格可谈,1室1厅1卫                    43O,3500,元/月
整租 | 塔城路510 3室2厅2卫,3室2厅2卫                    119.8O,4200,元/月
整租 | 金牛苑 近南站 这么近地铁这么便宜的房子哪儿找？赶快,2室1厅1卫                    61O,3500,元/月
"单间 | 包水电煤WIFI,顾村公园一线景观房",次卧(1室)                    11O,700,元/月
整租 | 实地拍摄 房东自住 诚心出租 家电全配 近韩国街 协,3室2厅2卫                    136O,6800,元/月
整租 | 精装一室一厅一厨一卫,1室1厅1卫                    45O,1500,元/月
单间 | 灵新小区 1室1厅1卫 男女不限,主卧(1室)                    16O,1400,元/月
单间 | 平复苑 4室1厅2卫 男女不限,主卧(4室)                    16O,600,元/月
单间 | 世博家园大道站路94弄小区 1室1厅1卫 限女生,次卧(1室)                    30O,1400,元/月
整租 | 爱德毛坯一房，中等楼层，南北通透，一年一签，近地铁，,1室1厅1卫                    61O,2300,元/月
整租 | 南新二村 1室1厅1卫,1室1厅1卫                    46O,3500,元/月
单间 | 象源丽都 找一位女生合租单间两张床 急租 个人 可做,次卧(2室)                    28O,1650,元/月
"整租 | 55平精装修南北通透,生活方便,随时可看,急",2室1厅1卫                    55O,4800,元/月
单间 | 阳台独卫带浴缸，商场菜场小吃街，公交地铁小黄车，齐全,主卧(1室)                    26O,2000,元/月
整租 | 上门实拍 随时看房 押一付一 临近地铁 购物方便 房,1室1厅1卫                    70O,6500,元/月
整租 | 南北2房2卫，精装修家具家电齐全，看房方便，现在可租,2室2厅2卫                    89O,4500,元/月
单间 | 个人房源押一付一步行200米即到莘庄地铁站精装主卧有,主卧(3室)                    30O,2500,元/月
整租 | 友家公寓 1室0厅1卫,1室0厅1卫                    30O,1300,元/月
整租 | 灵新小区 1室1卫1厅,1室1厅1卫                    38O,2900,元/月
整租 | 贝尔新村 2室1卫1厅,2室1厅1卫                    60O,5000,元/月
单间 | 步行8分钟到9号线七宝站10号线航中路站 精装单间配,主卧(4室)                    28O,2200,元/月
整租 | 上师大家属宿 2室1厅1卫,2室1厅1卫                    42O,4600,元/月
整租 | 鹿达路111号/ 3室1厅/ 出租2室 /简单装修,3室1厅1卫                    295O,3000,元/月
单间 | 日月华城 2室1卫 男女不限,主卧(2室)                    72O,1500,元/月
单间 | 南村小区对面333号 1室1厅1卫 男女不限,主卧(1室)                    20O,1500,元/月
单间 | 房间干净整洁 1500/月 配套全 拎包入住 12号,主卧(1室)                    10O,2000,元/月
整租 | 为毕业生量身打造+漕泾河+十二号线+精装全配+押一付,1室1厅1卫                    65O,3900,元/月
整租 | 精装修两房，采光好大阳台，图片真实看房有钥匙，近漕河,2室2厅1卫                    89O,3500,元/月
单间 | 个人低价出租！免！,次卧(3室)                    20O,1000,元/月
整租 | 金葵新城 1室0厅1卫,1室0厅1卫                    20O,1500,元/月
整租 | 江苏路别墅洋房底楼展示型办公房 大开间可改造可长期,3室2厅3卫                    200O,15000,元/月
整租 | 非中介 酒店式公寓  个人直租 地铁周边,1室0厅1卫                    24O,900,元/月
整租 | 中上装两房出租，近4/6号线地铁、金融广场，配套齐全,2室1厅1卫                    58O,4800,元/月
整租 | 步行三分直达地铁站,1室1厅1卫                    20O,1458,元/月
整租 | 房源 超值家电齐全 超值两房 随时看房,2室1厅1卫                    69O,2700,元/月
整租 | 古华新村靠近古华公园菜场交通方便随时可以看房,2室1厅1卫                    73O,1900,元/月
整租 | 浦东新区周浦镇立跃路519号乐乎青年公寓 1室1卫1,1室1厅1卫                    30O,1500,元/月
整租 | 大学城旁边，丁香花园，2+1户型，看房提前预约，随时,3室2厅1卫                    106O,3200,元/月
整租 | 景谷苑、红旗四街坊、近华宁路地铁站、近碧江广场！房东,3室2厅1卫                    88O,3000,元/月
单间 | 汇郡海棠苑 4室1厅2卫 男女不限,次卧(4室)                    10O,1000,元/月
整租 | 明园森林都市滴翠苑 2室1卫2厅,2室2厅1卫                    92O,8000,元/月
整租 | 1号线中山北路+地铁口房源+精装复式+共筑爱巢,1室1厅1卫                    25O,2900,元/月
单间 | 房子是2室一厅，租一间主卧,主卧(2室)                    30O,1500,元/月
整租 | 长桥一村 正南一房 居家装修 随时看房 全装全配 拎,1室1厅1卫                    42O,2900,元/月
整租 | 奥园二期：（精装大三房）（景观位置）（超性价比）配套,3室2厅2卫                    136O,6000,元/月
单间 | 虹口商城 1室 男女不限,次卧(1室)                    12O,1700,元/月
整租 | 招商・虹悦华府 2室2厅1卫,2室2厅1卫                    80O,6000,元/月
整租 | 嘉定丰庄鼎秀园 2室2厅 85平米 简单装修 押一付,2室2厅1卫                    85O,4200,元/月
整租 | 三湘盛世花园 3室2厅2卫,3室2厅2卫                    128O,6000,元/月
整租 | 出租一室户 采光好空间大 573 1058 1032,1室0厅1卫                    28O,1500,元/月
整租 | 上海南站1/3线 临近地铁100米 安静安全的小区,2室1厅1卫                    60O,3800,元/月
"整租 | 房东诚心出租,双地铁小区,交通方便,设施齐全,居家居",1室1厅1卫                    56O,3600,元/月
整租 | 信义嘉庭 整套房出租 高性价比 房东出租免 3室2厅,3室2厅1卫                    92O,3100,元/月
单间 | 近9号线地铁精装单间拥有独立厨房卫浴可以押一付一房东,主卧(4室)                    30O,2500,元/月
整租 | 嘉定西地铁站胜悦佳苑 2室1卫1厅,2室1厅1卫                    96O,3500,元/月
标题,房型,房租,房租单位,地址
标题,房型,房租,房租单位,地址
标题,房型,房租,房租单位,地址
标题,房型,房租,房租单位,地址
单间 | 康桥宝邸 主卧带阳台 上班族合租 押一付一 精装修,主卧(2室)                    21O,1350,元/月
"单间 | 实图,,随时看拎包即住,让您租房无压力,中冶锦城",次卧(1室)                    14O,1200,元/月
整租 | 地铁4/12号线 宜家一房一厅 干净清爽 配备齐全,1室1厅1卫                    40O,3600,元/月
整租 | 爱德毛坯一房，中等楼层，南北通透，一年一签，近地铁，,1室1厅1卫                    61O,2300,元/月
单间 | 闵行七宝白领公寓 1室1厅 主卧 朝南 中等装修,主卧(1室)                    25O,2000,元/月
整租 | 近地铁7号线精装修二室户，拎包入住，楼层佳采光好，成,2室1厅1卫                    71O,4500,元/月
单间 | 个人 中环和润苑 2室1厅 次卧 朝南 12号爱国路,次卧(3室)                    10O,1400,元/月
单间 | 宝山路3号线地铁口 1室1厅1卫 限女生,主卧(1室)                    30O,800,元/月
整租 | 景谷苑、红旗四街坊、近华宁路地铁站、近碧江广场！房东,3室2厅1卫                    88O,3000,元/月
单间 | 大宅风范城个人出租拥有独立厨房近地铁13号线万达广场,主卧(3室)                    15O,2100,元/月
单间 | 镇坪路地铁口，交通便利，包水电网，男女不限，朝南带阳,主卧(4室)                    13O,1900,元/月
整租 | 闵行浦江 馨宁佳苑 2室 1厅 80.15平米,2室1厅1卫                    80.15O,2800,元/月
单间 | 青年公寓房租月付近地铁3/4/11号线，环球港对面,主卧(3室)                    121O,500,元/月
单间 | 1室 男女不限 干净舒适，离地铁非常近,次卧(1室)                    15O,1650,元/月
整租 | 顺馨佳园 精装朝南主卧1200 近地铁菜场 押一付一,3室1厅2卫                    30O,1200,元/月
整租 | 闵行莘庄莘纪苑小区 1室1厅 36平米 精装修 押一,1室1厅1卫                    36O,1600,元/月
整租 | 嘉定丰庄鼎秀园 2室2厅 85平米 简单装修 押一付,2室2厅1卫                    85O,4200,元/月
整租 | 绿地春申花园 1室1厅1卫,1室1厅1卫                    35O,2000,元/月
整租 | 南方城 紧邻1号线 豪华装修 带地暖带空调 初次出租,3室2厅2卫                    132O,7500,元/月
单间 | 张江 玉兰香苑一期B区 2号线广兰路,(3室)                    26O,2450,元/月
整租 | 上门实拍 随时看房 押一付一 临近地铁 购物方便 房,1室1厅1卫                    70O,6500,元/月
整租 | 金牛苑 近南站 这么近地铁这么便宜的房子哪儿找？赶快,2室1厅1卫                    61O,3500,元/月
整租 | 庄泾苑 1室1厅1卫,1室1厅1卫                    61O,2000,元/月
"整租 | 55平精装修南北通透,生活方便,随时可看,急",2室1厅1卫                    55O,4800,元/月
整租 | 精装一室一厅一厨一卫,1室1厅1卫                    45O,1500,元/月
整租 | 实地拍摄 房东自住 诚心出租 家电全配 近韩国街 协,3室2厅2卫                    136O,6800,元/月
单间 | 个人房源，非中介，梅园三街坊( 3室1厅 次卧 朝北,次卧(3室)                    12O,2400,元/月
单间 | (个人）近漕河泾开发区，主卧单间出租，家电齐全拎包入,主卧(3室)                    18O,1900,元/月
整租 | 丰景湾出租房 小高层十楼 精准修 拎包入住,2室2厅1卫                    102.18O,7000,元/月
单间 | 浦东金桥高弘家苑 3室1厅 主卧 朝南 精装修,主卧(3室)                    15O,1600,元/月
整租 | 步行三分直达地铁站,1室1厅1卫                    20O,1458,元/月
整租 | 金山石化 山鑫公寓3室 1厅 98平米,3室1厅1卫                    98O,2600,元/月
整租 | 精装修两房，采光好大阳台，图片真实看房有钥匙，近漕河,2室2厅1卫                    89O,3500,元/月
整租 | 奥园二期：（精装大三房）（景观位置）（超性价比）配套,3室2厅2卫                    136O,6000,元/月
单间 | 宝山上海大学锦秋花园 1室1厅 主卧,主卧(1室)                    40O,1111,元/月
整租 | 大学城旁边，丁香花园，2+1户型，看房提前预约，随时,3室2厅1卫                    106O,3200,元/月
整租 | 为毕业生量身打造+漕泾河+十二号线+精装全配+押一付,1室1厅1卫                    65O,3900,元/月
单间 | 阳光威尼斯单间850,隔断(2室)                    10O,750,元/月
"整租 | 房东诚心出租,双地铁小区,交通方便,设施齐全,居家居",1室1厅1卫                    56O,3600,元/月
单间 | 个人房源独厨独卫精装全配近地铁13号线,主卧(1室)                    22O,2200,元/月
单间 | 爱博三村 1室1厅1卫 男女不限,主卧(1室)                    18O,1500,元/月
整租 | 南杨小区-东区 1室1厅1卫,1室1厅1卫                    40O,3000,元/月
整租 | 延吉六村 地铁8号线 交通便利，房东急租，价格可谈,1室1厅1卫                    43O,3500,元/月
单间 | 滨江雅苑 近大华虎城商业街，有空调，采光好,隔断(3室)                    13O,1200,元/月
单间 | 金禾新苑 3室1厅1卫 男女不限,主卧(3室)                    20O,2300,元/月
整租 | 价格可议 温馨舒适 拎包入住 欢迎致电,2室1厅1卫                    62O,5800,元/月
整租 | 圣美邸 2室2厅2卫,2室2厅2卫                    110O,13500,元/月
"整租 | 原始房型 通风采光好 干净整洁 有钥匙房源,随时可看",3室1厅1卫                    103O,3000,元/月
整租 | 非中介 酒店式公寓  个人直租 地铁周边,1室0厅1卫                    24O,900,元/月
单间 | 阳台独卫带浴缸，商场菜场小吃街，公交地铁小黄车，齐全,主卧(1室)                    26O,2000,元/月
整租 | 顺馨佳园 1室1厅1卫,1室1厅1卫                    60O,2400,元/月
整租 | 东唐苑-南区 2室1卫2厅,2室2厅1卫                    80O,4500,元/月
整租 | 上海阳城 1室1厅1卫,1室1厅1卫                    35O,2000,元/月
整租 | 精装全配，押一付一，干净清爽，出门百米地铁站，拎包入,1室1厅1卫                    37O,4000,元/月
整租 | 房源 超值家电齐全 超值两房 随时看房,2室1厅1卫                    69O,2700,元/月
整租 | 江苏路别墅洋房底楼展示型办公房 大开间可改造可长期,3室2厅3卫                    200O,15000,元/月
单间 | 房间干净整洁 1500/月 配套全 拎包入住 12号,主卧(1室)                    10O,2000,元/月
单间 | 听潮五村 2室2厅1卫 男女不限,次卧(2室)                    30O,1100,元/月
单间 | 个人房源，可宏润花园(258弄 4室1厅1卫 男女不,主卧(4室)                    20O,2800,元/月
整租 | 古华新村靠近古华公园菜场交通方便随时可以看房,2室1厅1卫                    73O,1900,元/月
单间 | 南汇康桥文怡苑(14 2室1厅 次卧 朝南 精装修,次卧(2室)                    18O,1500,元/月
整租 | 上海南站1/3线 临近地铁100米 安静安全的小区,2室1厅1卫                    60O,3800,元/月
单间 | 三林世博家园(560弄) 2室1厅1卫 男女不限，带,隔断(2室)                    12O,1500,元/月
整租 | 中上装两房出租，近4/6号线地铁、金融广场，配套齐全,2室1厅1卫                    58O,4800,元/月
整租 | 出租一室户 采光好空间大 573 1058 1032,1室0厅1卫                    28O,1500,元/月
单间 | 佳安公寓 2室1厅1卫 非中介男女不限 超大房型12,主卧(2室)                    25O,5000,元/月
单间 | 普陀光新大楼 便宜单间出租 朝南 精装修 紧靠镇坪路,主卧(1室)                    20O,2200,元/月
整租 | 1号线中山北路+地铁口房源+精装复式+共筑爱巢,1室1厅1卫                    25O,2900,元/月
整租 | 长桥一村 正南一房 居家装修 随时看房 全装全配 拎,1室1厅1卫                    42O,2900,元/月
单间 | 明天华城 3室1厅1卫 男女不限 个人，包网,主卧(3室)                    15O,1400,元/月
整租 | 南北2房2卫，精装修家具家电齐全，看房方便，现在可租,2室2厅2卫                    89O,4500,元/月
整租 | 明珠家园 2室2厅1卫,2室2厅1卫                    98O,2500,元/月
整租 | 海通花苑-北区 1室1卫1厅,1室1厅1卫                    28O,1700,元/月
标题,房型,房租,房租单位,地址
整租 | 华府188，高品质小区，豪华装修，近地铁，享受生活,3室2厅2卫                    101O,9000,元/月
单间 | 漕宝路出门就是地铁1/12号线二室一厅朝南主卧出租可,主卧(2室)                    18O,1600,元/月
整租 | 恒盛湖畔豪庭精装全配三房 南北通透采光好 随时看房,3室2厅2卫                    90O,2000,元/月
单间 | 浦东三林万科金色里程 3室2厅 次卧 朝北 精装修,次卧(3室)                    16O,1800,元/月
整租 | 1号线中山北路+地铁口房源+精装复式+共筑爱巢,1室1厅1卫                    25O,2900,元/月
整租 | 步行三分直达地铁站,1室1厅1卫                    20O,1458,元/月
整租 | 延吉六村 地铁8号线 交通便利，房东急租，价格可谈,1室1厅1卫                    43O,3500,元/月
单间 | 阳台独卫带浴缸，商场菜场小吃街，公交地铁小黄车，齐全,主卧(1室)                    26O,2000,元/月
整租 | 近地铁7号线精装修二室户，拎包入住，楼层佳采光好，成,2室1厅1卫                    71O,4500,元/月
整租 | 顺馨佳园 精装朝南主卧1200 近地铁菜场 押一付一,3室1厅2卫                    30O,1200,元/月
整租 | 上师大新村 2室1厅1卫,2室1厅1卫                    56O,4000,元/月
单间 | 星河世纪城星月蓝湾 3室2厅1卫 限女生,次卧(3室)                    12O,1800,元/月
整租 | 江苏路别墅洋房底楼展示型办公房 大开间可改造可长期,3室2厅3卫                    200O,15000,元/月
"整租 | 房东诚心出租,双地铁小区,交通方便,设施齐全,居家居",1室1厅1卫                    56O,3600,元/月
整租 | 瀚盛家园 2室2厅2卫,2室2厅2卫                    86O,5000,元/月
单间 | 共建小区(180弄) 2室1厅1卫 男女不限,次卧(2室)                    18O,2100,元/月
单间 | 不烧饭点，房租可以下调，,主卧(2室)                    20O,1800,元/月
"整租 | 原始房型 通风采光好 干净整洁 有钥匙房源,随时可看",3室1厅1卫                    103O,3000,元/月
整租 | 昆山首创悦都 2室1厅1卫,2室1厅1卫                    75O,1000,元/月
单间 | 金巷小区(10弄3支弄) 1室1卫 男女不限,隔断(1室)                    20O,1900,元/月
单间 | 新德佳苑 3室1厅1卫 男女不限,主卧(3室)                    25O,1217,元/月
单间 | 鑫峰苑 3室1厅1卫 男女不限,主卧(3室)                    100O,1500,元/月
单间 | 场中路2471 1室1厅1卫 近1号线,次卧(1室)                    10O,1200,元/月
整租 | 永和路448弄小区 3室1厅1卫,3室1厅1卫                    88O,6500,元/月
整租 | 长桥一村 正南一房 居家装修 随时看房 全装全配 拎,1室1厅1卫                    42O,2900,元/月
单间 | 粤绣名邸 1室1卫 男女不限,主卧(1室)                    20O,1300,元/月
整租 | 上门实拍 随时看房 押一付一 临近地铁 购物方便 房,1室1厅1卫                    70O,6500,元/月
整租 | 上南五村 2室1厅1卫,2室1厅1卫                    30O,3500,元/月
单间 | 宝山上海大学汇枫景苑 2室2厅 精装修,(2室)                    60O,4000,元/月
整租 | 中上装两房出租，近4/6号线地铁、金融广场，配套齐全,2室1厅1卫                    58O,4800,元/月
整租 | 徐汇新湖云庭 2室2厅1卫,2室2厅1卫                    95O,9500,元/月
单间 | 朝南主卧1500卫生间两户用，采光好床大两个人住性价,主卧(1室)                    25O,1500,元/月
整租 | 爱德毛坯一房，中等楼层，南北通透，一年一签，近地铁，,1室1厅1卫                    61O,2300,元/月
单间 | 马桥景城馨苑 3室1厅1卫 男女不限,主卧(3室)                    13O,800,元/月
"整租 | 55平精装修南北通透,生活方便,随时可看,急",2室1厅1卫                    55O,4800,元/月
整租 | 奥园二期：（精装大三房）（景观位置）（超性价比）配套,3室2厅2卫                    136O,6000,元/月
单间 | 淞泽华城逸泰雅苑800弄10号楼802 3室1厅1卫,主卧(3室)                    89O,900,元/月
整租 | 精装一室一厅一厨一卫,1室1厅1卫                    45O,1500,元/月
单间 | 新宝社区 2室1厅1卫 男女不限,次卧(2室)                    15O,850,元/月
整租 | 古华新村靠近古华公园菜场交通方便随时可以看房,2室1厅1卫                    73O,1900,元/月
整租 | 江月路浦星公路 2室1厅1卫,2室1厅1卫                    100O,4200,元/月
整租 | 实地拍摄 房东自住 诚心出租 家电全配 近韩国街 协,3室2厅2卫                    136O,6800,元/月
"单间 | 有厨房，大客厅，网线，床，桌，衣,柜，热水器，洗衣机",主卧(3室)                    98O,550,元/月
单间 | 轻纺市场旁边 带独立卫生间 便宜出租 个人出租,主卧(3室)                    30O,2200,元/月
整租 | 远洋万和四季 3室1卫2厅,3室1厅2卫                    99O,2799,元/月
整租 | 价格可议 温馨舒适 拎包入住 欢迎致电,2室1厅1卫                    62O,5800,元/月
整租 | 精装修两房，采光好大阳台，图片真实看房有钥匙，近漕河,2室2厅1卫                    89O,3500,元/月
整租 | 赛杰苑 3室2厅2卫,3室2厅2卫                    127O,4500,元/月
整租 | 上南十村 2室1厅1卫,2室1厅1卫                    42O,3800,元/月
单间 | 一号线上海马戏城新梅共和城 1室1卫 男女不限,主卧(1室)                    25O,2500,元/月
单间 | 三林新村永泰路59弄 1室1厅1卫 男女不限,主卧(1室)                    30O,2000,元/月
整租 | 东源名都(西区) 1室1卫0厅,1室0厅1卫                    28O,2000,元/月
整租 | 精装全配，押一付一，干净清爽，出门百米地铁站，拎包入,1室1厅1卫                    37O,4000,元/月
整租 | 丰景湾出租房 小高层十楼 精准修 拎包入住,2室2厅1卫                    102.18O,7000,元/月
单间 | 张江 玉兰香苑一期B区 2号线广兰路,(3室)                    26O,2450,元/月
整租 | 上海南站1/3线 临近地铁100米 安静安全的小区,2室1厅1卫                    60O,3800,元/月
整租 | 金牛苑 近南站 这么近地铁这么便宜的房子哪儿找？赶快,2室1厅1卫                    61O,3500,元/月
整租 | 嘉定丰庄鼎秀园 2室2厅 85平米 简单装修 押一付,2室2厅1卫                    85O,4200,元/月
单间 | 房间干净整洁 1500/月 配套全 拎包入住 12号,主卧(1室)                    10O,2000,元/月
整租 | 南方城 紧邻1号线 豪华装修 带地暖带空调 初次出租,3室2厅2卫                    132O,7500,元/月
单间 | 洪山路1658弄恒宇小区 3室1厅2卫 主卧朝南精装,主卧(3室)                    20O,2000,元/月
整租 | 大学城旁边，丁香花园，2+1户型，看房提前预约，随时,3室2厅1卫                    106O,3200,元/月
整租 | 鸿宝一村 1室1卫1厅,1室1厅1卫                    40O,1350,元/月
单间 | 浦东金沁苑(北区 3室1厅 次卧 朝北 中等装修,次卧(3室)                    15O,850,元/月
单间 | 爱建大厦 1室 宛平南路,次卧(3室)                    15O,2300,元/月
整租 | 景谷苑、红旗四街坊、近华宁路地铁站、近碧江广场！房东,3室2厅1卫                    88O,3000,元/月
单间 | 闵行春申虹梅家人蔷薇 2室1厅 主卧 朝南 没有,主卧(2室)                    65O,1800,元/月
整租 | 为毕业生量身打造+漕泾河+十二号线+精装全配+押一付,1室1厅1卫                    65O,3900,元/月
整租 | 非中介 酒店式公寓  个人直租 地铁周边,1室0厅1卫                    24O,900,元/月
整租 | 房源 超值家电齐全 超值两房 随时看房,2室1厅1卫                    69O,2700,元/月
整租 | 出租一室户 采光好空间大 573 1058 1032,1室0厅1卫                    28O,1500,元/月
整租 | 南北2房2卫，精装修家具家电齐全，看房方便，现在可租,2室2厅2卫                    89O,4500,元/月
